[
    {
        "id": 1,
        "name": "John Smith",
        "email": "john.smith@example.com",
        "phone": "+1 123-456-7890",
        "address": "123 Main Street, City, Country"
    },
    {
        "id": 2,
        "name": "Emma Johnson",
        "email": "emma.johnson@example.com",
        "phone": "+1 987-654-3210",
        "address": "456 Elm Street, City, Country"
    },
    {
        "id": 3,
        "name": "Michael Davis",
        "email": "michael.davis@example.com",
        "phone": "+1 555-123-4567",
        "address": "789 Oak Street, City, Country"
    }
]
