[
    {
        "id": 1,
        "customerId": 1,
        "transactionDate": "2023-03-01",
        "amount": 120
    },
    {
        "id": 2,
        "customerId": 1,
        "transactionDate": "2023-03-02",
        "amount": 80
    },
    {
        "id": 3,
        "customerId": 2,
        "transactionDate": "2023-03-03",
        "amount": 150
    },
    {
        "id": 4,
        "customerId": 2,
        "transactionDate": "2023-03-04",
        "amount": 70
    },
    {
        "id": 5,
        "customerId": 3,
        "transactionDate": "2023-03-05",
        "amount": 50
    },
    {
        "id": 6,
        "customerId": 3,
        "transactionDate": "2023-03-06",
        "amount": 200
    },
    {
        "id": 7,
        "customerId": 1,
        "transactionDate": "2023-03-07",
        "amount": 110
    },
    {
        "id": 8,
        "customerId": 1,
        "transactionDate": "2023-03-08",
        "amount": 90
    },
    {
        "id": 9,
        "customerId": 2,
        "transactionDate": "2023-03-09",
        "amount": 80
    },
    {
        "id": 10,
        "customerId": 2,
        "transactionDate": "2023-03-10",
        "amount": 60
    },
    {
        "id": 11,
        "customerId": 3,
        "transactionDate": "2023-03-11",
        "amount": 120
    },
    {
        "id": 12,
        "customerId": 3,
        "transactionDate": "2023-03-12",
        "amount": 70
    },
    {
        "id": 13,
        "customerId": 1,
        "transactionDate": "2023-03-13",
        "amount": 100
    },
    {
        "id": 14,
        "customerId": 1,
        "transactionDate": "2023-03-14",
        "amount": 80
    },
    {
        "id": 15,
        "customerId": 2,
        "transactionDate": "2023-03-15",
        "amount": 90
    },
    {
        "id": 16,
        "customerId": 2,
        "transactionDate": "2023-03-16",
        "amount": 70
    },
    {
        "id": 17,
        "customerId": 3,
        "transactionDate": "2023-03-17",
        "amount": 60
    },
    {
        "id": 18,
        "customerId": 3,
        "transactionDate": "2023-03-18",
        "amount": 200
    },
    {
        "id": 19,
        "customerId": 1,
        "transactionDate": "2023-03-19",
        "amount": 120
    },
    {
        "id": 20,
        "customerId": 1,
        "transactionDate": "2023-03-20",
        "amount": 80
    },
    {
        "id": 21,
        "customerId": 2,
        "transactionDate": "2023-03-21",
        "amount": 150
    },
    {
        "id": 22,
        "customerId": 2,
        "transactionDate": "2023-03-22",
        "amount": 70
    },
    {
        "id": 23,
        "customerId": 3,
        "transactionDate": "2023-03-23",
        "amount": 50
    },
    {
        "id": 24,
        "customerId": 3,
        "transactionDate": "2023-03-24",
        "amount": 200
    },
    {
        "id": 25,
        "customerId": 1,
        "transactionDate": "2023-03-25",
        "amount": 110
    },
    {
        "id": 26,
        "customerId": 1,
        "transactionDate": "2023-03-26",
        "amount": 90
    },
    {
        "id": 27,
        "customerId": 2,
        "transactionDate": "2023-03-27",
        "amount": 80
    },
    {
        "id": 28,
        "customerId": 2,
        "transactionDate": "2023-03-28",
        "amount": 60
    },
    {
        "id": 29,
        "customerId": 3,
        "transactionDate": "2023-03-29",
        "amount": 120
    },
    {
        "id": 30,
        "customerId": 3,
        "transactionDate": "2023-03-30",
        "amount": 70
    },
    {
        "id": 31,
        "customerId": 1,
        "transactionDate": "2023-03-31",
        "amount": 100
    },
    {
        "id": 32,
        "customerId": 1,
        "transactionDate": "2023-04-01",
        "amount": 80
    },
    {
        "id": 33,
        "customerId": 2,
        "transactionDate": "2023-04-02",
        "amount": 90
    },
    {
        "id": 34,
        "customerId": 2,
        "transactionDate": "2023-04-03",
        "amount": 70
    },
    {
        "id": 35,
        "customerId": 3,
        "transactionDate": "2023-04-04",
        "amount": 60
    },
    {
        "id": 36,
        "customerId": 3,
        "transactionDate": "2023-04-05",
        "amount": 200
    },
    {
        "id": 37,
        "customerId": 1,
        "transactionDate": "2023-04-06",
        "amount": 120
    },
    {
        "id": 38,
        "customerId": 1,
        "transactionDate": "2023-04-07",
        "amount": 80
    },
    {
        "id": 39,
        "customerId": 2,
        "transactionDate": "2023-04-08",
        "amount": 150
    },
    {
        "id": 40,
        "customerId": 2,
        "transactionDate": "2023-04-09",
        "amount": 70
    },
    {
        "id": 41,
        "customerId": 3,
        "transactionDate": "2023-04-10",
        "amount": 50
    },
    {
        "id": 42,
        "customerId": 3,
        "transactionDate": "2023-04-11",
        "amount": 200
    },
    {
        "id": 43,
        "customerId": 1,
        "transactionDate": "2023-04-12",
        "amount": 110
    },
    {
        "id": 44,
        "customerId": 1,
        "transactionDate": "2023-04-13",
        "amount": 90
    },
    {
        "id": 45,
        "customerId": 2,
        "transactionDate": "2023-04-14",
        "amount": 80
    },
    {
        "id": 46,
        "customerId": 2,
        "transactionDate": "2023-04-15",
        "amount": 60
    },
    {
        "id": 47,
        "customerId": 3,
        "transactionDate": "2023-04-16",
        "amount": 120
    },
    {
        "id": 48,
        "customerId": 3,
        "transactionDate": "2023-04-17",
        "amount": 70
    },
    {
        "id": 49,
        "customerId": 1,
        "transactionDate": "2023-04-18",
        "amount": 100
    },
    {
        "id": 50,
        "customerId": 1,
        "transactionDate": "2023-04-19",
        "amount": 80
    },
    {
        "id": 51,
        "customerId": 2,
        "transactionDate": "2023-04-20",
        "amount": 90
    },
    {
        "id": 52,
        "customerId": 2,
        "transactionDate": "2023-04-21",
        "amount": 70
    },
    {
        "id": 53,
        "customerId": 3,
        "transactionDate": "2023-04-22",
        "amount": 60
    },
    {
        "id": 54,
        "customerId": 3,
        "transactionDate": "2023-04-23",
        "amount": 200
    },
    {
        "id": 55,
        "customerId": 1,
        "transactionDate": "2023-04-24",
        "amount": 120
    },
    {
        "id": 56,
        "customerId": 1,
        "transactionDate": "2023-04-25",
        "amount": 80
    },
    {
        "id": 57,
        "customerId": 2,
        "transactionDate": "2023-04-26",
        "amount": 150
    },
    {
        "id": 58,
        "customerId": 2,
        "transactionDate": "2023-04-27",
        "amount": 70
    },
    {
        "id": 59,
        "customerId": 3,
        "transactionDate": "2023-04-28",
        "amount": 50
    },
    {
        "id": 60,
        "customerId": 3,
        "transactionDate": "2023-04-29",
        "amount": 200
    },
    {
        "id": 61,
        "customerId": 1,
        "transactionDate": "2023-04-30",
        "amount": 110
    },
    {
        "id": 62,
        "customerId": 1,
        "transactionDate": "2023-05-01",
        "amount": 90
    },
    {
        "id": 63,
        "customerId": 2,
        "transactionDate": "2023-05-02",
        "amount": 80
    },
    {
        "id": 64,
        "customerId": 2,
        "transactionDate": "2023-05-03",
        "amount": 60
    },
    {
        "id": 65,
        "customerId": 3,
        "transactionDate": "2023-05-04",
        "amount": 120
    },
    {
        "id": 66,
        "customerId": 3,
        "transactionDate": "2023-05-05",
        "amount": 70
    },
    {
        "id": 67,
        "customerId": 1,
        "transactionDate": "2023-05-06",
        "amount": 100
    },
    {
        "id": 68,
        "customerId": 1,
        "transactionDate": "2023-05-07",
        "amount": 80
    },
    {
        "id": 69,
        "customerId": 2,
        "transactionDate": "2023-05-08",
        "amount": 90
    },
    {
        "id": 70,
        "customerId": 2,
        "transactionDate": "2023-05-09",
        "amount": 70
    },
    {
        "id": 71,
        "customerId": 3,
        "transactionDate": "2023-05-10",
        "amount": 60
    },
    {
        "id": 72,
        "customerId": 3,
        "transactionDate": "2023-05-11",
        "amount": 200
    },
    {
        "id": 73,
        "customerId": 1,
        "transactionDate": "2023-05-12",
        "amount": 120
    },
    {
        "id": 74,
        "customerId": 1,
        "transactionDate": "2023-05-13",
        "amount": 80
    },
    {
        "id": 75,
        "customerId": 2,
        "transactionDate": "2023-05-14",
        "amount": 150
    },
    {
        "id": 76,
        "customerId": 2,
        "transactionDate": "2023-05-15",
        "amount": 70
    },
    {
        "id": 77,
        "customerId": 3,
        "transactionDate": "2023-05-16",
        "amount": 50
    },
    {
        "id": 78,
        "customerId": 3,
        "transactionDate": "2023-05-17",
        "amount": 200
    },
    {
        "id": 79,
        "customerId": 1,
        "transactionDate": "2023-05-18",
        "amount": 110
    },
    {
        "id": 80,
        "customerId": 1,
        "transactionDate": "2023-05-19",
        "amount": 90
    },
    {
        "id": 81,
        "customerId": 2,
        "transactionDate": "2023-05-20",
        "amount": 80
    },
    {
        "id": 82,
        "customerId": 2,
        "transactionDate": "2023-05-21",
        "amount": 60
    },
    {
        "id": 83,
        "customerId": 3,
        "transactionDate": "2023-05-22",
        "amount": 120
    },
    {
        "id": 84,
        "customerId": 3,
        "transactionDate": "2023-05-23",
        "amount": 70
    },
    {
        "id": 85,
        "customerId": 1,
        "transactionDate": "2023-05-24",
        "amount": 100
    },
    {
        "id": 86,
        "customerId": 1,
        "transactionDate": "2023-05-25",
        "amount": 80
    },
    {
        "id": 87,
        "customerId": 2,
        "transactionDate": "2023-05-26",
        "amount": 90
    },
    {
        "id": 88,
        "customerId": 2,
        "transactionDate": "2023-05-27",
        "amount": 70
    },
    {
        "id": 89,
        "customerId": 3,
        "transactionDate": "2023-05-28",
        "amount": 60
    },
    {
        "id": 90,
        "customerId": 3,
        "transactionDate": "2023-05-29",
        "amount": 200
    },
    {
        "id": 91,
        "customerId": 1,
        "transactionDate": "2023-05-30",
        "amount": 120
    },
    {
        "id": 92,
        "customerId": 1,
        "transactionDate": "2023-05-31",
        "amount": 80
    }
]
